pdb_id,interface_chain_id_1,interface_chain_id_2,interface_chain_type_1,interface_chain_type_2
8wmt-assembly1,A,A-2,protein,protein
8osw-assembly1,A,B,protein,protein
8ji7-assembly1,A,B,protein,protein
7xpt-assembly1,A,A-2,protein,protein
7xpi-assembly1,A,A-2,protein,protein
7ztw-assembly1,A,B,protein,protein
7zhf-assembly1,A,A-2,protein,protein
9c68-assembly1,A,B,protein,protein
7y0l-assembly1,A,B,protein,protein
8i82-assembly1,A,B,protein,protein
8jmq-assembly1,A,B,protein,protein
8whi-assembly1,A,C,protein,protein
8whi-assembly1,B,C,protein,protein
8rue-assembly1,A,B,protein,protein
8bds-assembly1,C,D,protein,protein
7xl7-assembly1,A,B,protein,protein
7xn2-assembly1,A,A-2,protein,protein
8rlk-assembly1,A,B,protein,protein
8pb3-assembly1,A,B,protein,protein
8tcs-assembly1,A,C,protein,protein
8bbt-assembly1,A,A-2,protein,protein
8x6v-assembly1,A,B,protein,protein
8c0h-assembly1,A,C,protein,protein
8q1k-assembly1,A,B,protein,protein
8zmm-assembly1,A,B,protein,protein
8zmw-assembly1,A,B,protein,protein
8zmw-assembly1,A,C,protein,protein
8zmw-assembly1,B,C,protein,protein
8onf-assembly1,A,B,protein,protein
8upc-assembly1,A,A-2,protein,protein
8upb-assembly1,A,A-2,protein,protein
8htw-assembly1,A,B,protein,protein
8gqp-assembly1,A,B,protein,protein
8r5w-assembly1,A,B,protein,protein
8qab-assembly1,A,B,protein,protein
8bey-assembly1,A,B,protein,protein
8q9n-assembly1,A,E,protein,protein
8huc-assembly1,A,C,protein,protein
7x80-assembly1,A,B,protein,protein
8tlf-assembly1,A,A-2,protein,protein
8yk2-assembly1,A,B,protein,protein
8h6q-assembly1,A,B,protein,protein
8r7a-assembly1,A,B,protein,protein
8r7i-assembly1,A,A-2,protein,protein
7yuj-assembly1,A,B,protein,protein
7yul-assembly1,A,A-2,protein,protein
8kce-assembly1,A,A-2,protein,protein
8bvk-assembly1,A,B,protein,protein
8b46-assembly1,A,D,protein,protein
8b46-assembly1,D,E,protein,protein
8b45-assembly1,A,B,protein,protein
8iq5-assembly1,A,B,protein,protein
8kbm-assembly1,A,A-2,protein,protein
8smf-assembly1,A,B,protein,protein
8ifx-assembly1,A,B,protein,protein
8ifx-assembly1,B,B-2,protein,protein
8a2g-assembly1,A,B,protein,protein
8sbq-assembly1,A,B,protein,protein
7txy-assembly1,A,B,protein,protein
9f2c-assembly1,A,B,protein,protein
7ytu-assembly1,A,B,protein,protein
8x3g-assembly1,A,D,protein,protein
8x3g-assembly1,C,D,protein,protein
7x36-assembly1,A,C,protein,protein
8t0p-assembly1,A,C,protein,protein
8t0p-assembly1,B,C,protein,protein
8ows-assembly1,A,B,protein,protein
7qrr-assembly1,A,B,protein,protein
7qrj-assembly1,A,B,protein,protein
8zlz-assembly1,A,B,protein,protein
7quv-assembly1,A,C,protein,protein
7quv-assembly1,B,C,protein,protein
8oq1-assembly1,A,A-2,protein,protein
8pu1-assembly1,A,B,protein,protein
9fvt-assembly1,A,B,protein,protein
8a4o-assembly1,A,A-2,protein,protein
8abt-assembly1,A,A-2,protein,protein
8qk8-assembly1,A,A-2,protein,protein
8qfl-assembly1,A,B,protein,protein
8q00-assembly1,A,B,protein,protein
8ss1-assembly1,A,B-2,protein,protein
8r9t-assembly1,A,B,protein,protein
8of7-assembly1,A,B,protein,protein
8gy0-assembly1,A,B,protein,protein
8g4k-assembly1,A,B,protein,protein
9cys-assembly1,A,B,protein,protein
8dpa-assembly1,A,B,protein,protein
9bk6-assembly1,A,B,protein,protein
9bka-assembly1,A,A-2,protein,protein
8ipj-assembly1,A,B,protein,protein
8fcf-assembly1,A,B,protein,protein
9asx-assembly1,A,C,protein,protein
8fmg-assembly1,A,B,protein,protein
8z2m-assembly1,A,A-2,protein,protein
8ad2-assembly1,A,B,protein,protein
9jst-assembly1,A,B,protein,protein
8bry-assembly1,A,B,protein,protein
8bjj-assembly1,A,C,protein,protein
8q1w-assembly1,A,B,protein,protein
8rxa-assembly1,A,B,protein,protein
9c90-assembly1,A,A-2,protein,protein
8iqa-assembly1,A,B,protein,protein
8iq8-assembly1,A,B,protein,protein
8d0p-assembly1,A,A-2,protein,protein
9j23-assembly1,A,B,protein,protein
9j23-assembly1,A,C,protein,protein
9j23-assembly1,B,C,protein,protein
9j26-assembly1,A,B,protein,protein
9j26-assembly1,A,C,protein,protein
9j26-assembly1,B,C,protein,protein
8j2w-assembly1,A,B,protein,protein
8srz-assembly1,A,B,protein,protein
9jf5-assembly1,A,B,protein,protein
7uq2-assembly1,A,B,protein,protein
8pqr-assembly1,A,B,protein,protein
8u12-assembly1,A,B,protein,protein
8kc1-assembly1,A,A-2,protein,protein
8kck-assembly1,A,A-2,protein,protein
7yls-assembly1,A,B,protein,protein
8amy-assembly1,A,A-2,protein,protein
8jdh-assembly1,A,B,protein,protein
8jd7-assembly1,A,B,protein,protein
8jzt-assembly1,A,B,protein,protein
8jzt-assembly1,B,B-2,protein,protein
8bny-assembly1,A,B,protein,protein
8woj-assembly1,A,B,protein,protein
8gjg-assembly1,A,B,protein,protein
8gji-assembly1,A,B,protein,protein
8wnh-assembly1,A,B,protein,protein
8th1-assembly1,A,E,protein,protein
7th0-assembly1,A,A-2,protein,protein
8sm6-assembly1,A,B,protein,protein
8smq-assembly1,A,B,protein,protein
8kbh-assembly1,A,B,protein,protein
8onb-assembly1,A,B,protein,protein
8jyv-assembly1,A,A-2,protein,protein
8gad-assembly1,A,B,protein,protein
8hhv-assembly1,A,D,protein,protein
8hhj-assembly1,A,B,protein,protein
8hhi-assembly1,A,B,protein,protein
8p6k-assembly1,A,B,protein,protein
8p6m-assembly1,A,B,protein,protein
7spq-assembly1,A,A-2,protein,protein
8vij-assembly1,A,C,protein,protein
8ye5-assembly1,A,B,protein,protein
8ey4-assembly1,A,B,protein,protein
8vva-assembly1,A,B,protein,protein
8j49-assembly1,A,B,protein,protein
7xrb-assembly1,A,B-2,protein,protein
8clo-assembly1,A,A-2,protein,protein
8q29-assembly1,A,B,protein,protein
8oi4-assembly1,A,B,protein,protein
8oij-assembly1,A,B,protein,protein
8oij-assembly1,A,C,protein,protein
8h7a-assembly1,A,B,protein,protein
8iw5-assembly1,A,B,protein,protein
8q70-assembly1,A,A-2,protein,protein
8k4w-assembly1,A,B,protein,protein
8k4w-assembly1,A,C,protein,protein
8k4w-assembly1,B,C,protein,protein
8ipg-assembly1,A,D,protein,protein
9biy-assembly1,A,B,protein,protein
8biy-assembly1,A,C,protein,protein
7y37-assembly1,A,B,protein,protein
8j49-assembly1,B,C,protein,protein
8gpv-assembly1,A,A-2,protein,protein
8gps-assembly1,A,A-2,protein,protein
7wr3-assembly1,A,C,protein,protein
8p9c-assembly1,A,C,protein,protein
8p9c-assembly1,B,C,protein,protein
8p9r-assembly1,A,B,protein,protein
8ic7-assembly1,A,B,protein,protein
8avz-assembly1,A,C,protein,protein
9j1r-assembly1,A,B,protein,protein
8wk1-assembly1,A,B,protein,protein
8q6q-assembly1,A,B,protein,protein
8pr6-assembly1,A,B,protein,protein
8ioo-assembly1,A,B,protein,protein
7vub-assembly1,A,B,protein,protein
8h0n-assembly1,A,B,protein,protein
8gzo-assembly1,A,B,protein,protein
8h0e-assembly1,A,C,protein,protein
8h0e-assembly1,B,C,protein,protein
8h0f-assembly1,A,C,protein,protein
8h0f-assembly1,B,C,protein,protein
8qjk-assembly1,A,A-3,protein,protein
8z4f-assembly1,A-2,B,protein,protein
8phb-assembly1,A,B,protein,protein
8rkh-assembly1,A,B,protein,protein
8j0l-assembly1,A,B,protein,protein
8k7y-assembly1,A,B,protein,protein
9bt4-assembly1,A,D,protein,protein
9bt4-assembly1,A,F,protein,protein
9bt4-assembly1,A,H,protein,protein
9bt4-assembly1,D,F,protein,protein
9bt4-assembly1,D,H,protein,protein
9bt4-assembly1,F,H,protein,protein
8btj-assembly1,A,B,protein,protein
7xvq-assembly1,A,B,protein,protein
8u48-assembly1,A,B,protein,protein
8wt4-assembly1,A,B,protein,protein
8s0u-assembly1,A,B,protein,protein
8rpx-assembly1,A,B,protein,protein
8tw0-assembly1,A,B,protein,protein
8tw0-assembly1,A,C,protein,protein
8tw0-assembly1,B,C,protein,protein
7qwe-assembly1,A,B,protein,protein
7z8z-assembly1,A,B,protein,protein
7z8z-assembly1,A,C,protein,protein
7z8z-assembly1,B,D,protein,protein
8b3w-assembly1,A,A-2,protein,protein
8qvc-assembly1,A,B,protein,protein
8qvc-assembly1,A,A-2,protein,protein
8ebb-assembly1,A,C,protein,protein
8and-assembly1,A,B,protein,protein
8an5-assembly1,A,B,protein,protein
8an5-assembly1,A,C,protein,protein
8buy-assembly1,A,B,protein,protein
8tnd-assembly1,A,B,protein,protein
8tn8-assembly1,A,B,protein,protein
8aa9-assembly1,A,B,protein,protein
8a50-assembly1,A,A-2,protein,protein
8a51-assembly1,A,B,protein,protein
8gzo-assembly1,A,C,protein,protein
8gzo-assembly1,B,C,protein,protein
8fnr-assembly1,A,B,protein,protein
8htd-assembly1,A,B,protein,protein
8ada-assembly1,A,B,protein,protein
8adb-assembly1,A,B,protein,protein
8ok4-assembly1,A,A-2,protein,protein
8on4-assembly1,A,A-2,protein,protein
8j48-assembly1,A,B,protein,protein
8jca-assembly1,A,B,protein,protein
8wwy-assembly1,A,B,protein,protein
8t48-assembly1,A,D,protein,protein
7yf2-assembly1,A,B-2,protein,protein
7yfu-assembly1,A,B,protein,protein
8cqm-assembly1,A,B,protein,protein
8acx-assembly1,A,D,protein,protein
8hfp-assembly1,A,B,protein,protein
8hfw-assembly1,A,B,protein,protein
9eqo-assembly1,A,B,protein,protein
8rja-assembly1,A,L,protein,protein
8rja-assembly1,B,K,protein,protein
8rja-assembly1,B,L,protein,protein
8rja-assembly1,J,K,protein,protein
8rja-assembly1,J,L,protein,protein
8rja-assembly1,K,L,protein,protein
8goj-assembly1,A,B,protein,protein
8jqf-assembly1,A,B,protein,protein
8ju7-assembly1,A,B,protein,protein
8pni-assembly1,A,B,protein,protein
7y16-assembly1,A,B,protein,protein
8h1m-assembly1,A,A-2,protein,protein
8axo-assembly1,A,A-2,protein,protein
8axi-assembly1,A,B,protein,protein
8axr-assembly1,A,A-2,protein,protein
7ydo-assembly1,A,A-2,protein,protein
8ff9-assembly1,A,C,protein,protein
7zop-assembly1,A,B,protein,protein
8tto-assembly1,A,B,protein,protein
8a8o-assembly1,A,B,protein,protein
8a8o-assembly1,A,C,protein,protein
8k8f-assembly1,A,A-3,protein,protein
8bz2-assembly1,A,B,protein,protein
9gsq-assembly1,A,B,protein,protein
8s1j-assembly1,A,B,protein,protein
8ixw-assembly1,A,B,protein,protein
7yzt-assembly1,A-2,B,protein,protein
8ih8-assembly1,A,B,protein,protein
8iha-assembly1,A,B,protein,protein
8g0p-assembly1,A,B,protein,protein
8utk-assembly1,A,B,protein,protein
8yla-assembly1,A,B,protein,protein
8bjj-assembly1,B,C,protein,protein
9c5s-assembly1,A,B,protein,protein
9ard-assembly1,A,B,protein,protein
7xfr-assembly1,A,B,protein,protein
7xft-assembly1,A,A-2,protein,protein
